{"cameraMode":{"drawMode":0,"name":"Shaded","section":"Shading Mode"},"sceneLighting":true,"audioPlay":false,"sceneViewState":{"showFog":true,"showMaterialUpdate":false,"showSkybox":true,"showFlares":true,"showImageEffects":true,"showParticleSystems":true},"in2DMode":false,"pivot":{"x":-27.264686584472658,"y":-3.8891029357910158,"z":-60.83538818359375},"rotation":{"x":-0.17957478761672975,"y":0.4436928927898407,"z":-0.0912390723824501,"w":-0.8732596635818481},"size":383.2515563964844,"orthographic":false}