{"cameraMode":{"drawMode":0,"name":"Shaded","section":"Shading Mode"},"sceneLighting":true,"audioPlay":false,"sceneViewState":{"showFog":true,"showMaterialUpdate":false,"showSkybox":true,"showFlares":true,"showImageEffects":true,"showParticleSystems":true},"in2DMode":false,"pivot":{"x":-18.289796829223634,"y":18.084646224975587,"z":-7.2696075439453129},"rotation":{"x":0.0763011947274208,"y":0.9211266040802002,"z":-0.23158687353134156,"w":0.3035161793231964},"size":60.010189056396487,"orthographic":false}