{"cameraMode":{"drawMode":0,"name":"Shaded","section":"Shading Mode"},"sceneLighting":true,"audioPlay":false,"sceneViewState":{"showFog":true,"showMaterialUpdate":false,"showSkybox":true,"showFlares":true,"showImageEffects":true,"showParticleSystems":true},"in2DMode":false,"pivot":{"x":0.5787582397460938,"y":2.107844591140747,"z":14.397995948791504},"rotation":{"x":0.003659970825538039,"y":0.9825258851051331,"z":-0.1852019727230072,"w":0.019457587972283365},"size":16.38005256652832,"orthographic":false}