{"cameraMode":{"drawMode":0,"name":"Shaded","section":"Shading Mode"},"sceneLighting":true,"audioPlay":false,"sceneViewState":{"showFog":true,"showMaterialUpdate":false,"showSkybox":false,"showFlares":true,"showImageEffects":true,"showParticleSystems":true},"in2DMode":false,"pivot":{"x":8.390151977539063,"y":0.40131163597106936,"z":12.392647743225098},"rotation":{"x":0.23104484379291535,"y":0.6164888143539429,"z":-0.19599011540412904,"w":0.726750910282135},"size":8.644771575927735,"orthographic":false}