{"cameraMode":{"drawMode":0,"name":"Shaded","section":"Shading Mode"},"sceneLighting":true,"audioPlay":false,"sceneViewState":{"showFog":true,"showMaterialUpdate":false,"showSkybox":false,"showFlares":true,"showImageEffects":true,"showParticleSystems":true},"in2DMode":false,"pivot":{"x":-4.197683334350586,"y":6.2598161697387699,"z":0.6510171890258789},"rotation":{"x":0.012542465701699257,"y":0.9741232991218567,"z":-0.21866120398044587,"w":0.055879343301057819},"size":40.010372161865237,"orthographic":false}