{"cameraMode":{"drawMode":0,"name":"Shaded","section":"Shading Mode"},"sceneLighting":true,"audioPlay":false,"sceneViewState":{"showFog":true,"showMaterialUpdate":false,"showSkybox":true,"showFlares":true,"showImageEffects":true,"showParticleSystems":true},"in2DMode":false,"pivot":{"x":-2.2506942749023439,"y":-2.4158926010131838,"z":7.534936904907227},"rotation":{"x":-0.0711626335978508,"y":0.9073658585548401,"z":-0.17102766036987306,"w":-0.3774377703666687},"size":24.594871520996095,"orthographic":false}